dataset,pred_length,NMAE,NRMSE,CRPS,NLL
synthetic,24,19.08584312959151,19.14687902277166,0.25740850649096747,1.6537287331214456
