dataset,pred_length,NMAE,NRMSE,CRPS,NLL
synthetic,24,4.827122847239177,4.9716724554697675,0.23028748979171118,1.8310690257284374
